"review_status","globe_id","canonical_record_id","year","date_text","country","region","location","rejected_latitude","rejected_longitude","rejection_reason","source_record_ids","source_labels","reviewed_latitude","reviewed_longitude","review_notes"
"pending","incident:f6fe98aab6351625c6edd691","f6fe98aab6351625c6edd691","2008","10-May-08","AUSTRALIA","Western Australia","Albany","41.000028","19.9999619","approximate cache coordinate falls outside stated country","2008.05.10; 2008.05.10; 2008.05.10; 2008.05.10; 2008.05.10","AI1SAD local legacy incident file; Global Shark Attack File; N-Enzer SharkAttackAnalysis mirror; Ordovas shark-attack mirror; Ordovas cleaned shark-attack mirror","","",""
"pending","incident:9857a7f47065361e032fbca2","9857a7f47065361e032fbca2","2010","27-Jan-10","AUSTRALIA","Queensland","Archie's Beach","33.8538099","-78.6522519","approximate cache coordinate falls outside stated country","2010.01.27; 2010.01.27; 2010.01.27; 2010.01.27; 2010.01.27","AI1SAD local legacy incident file; Global Shark Attack File; N-Enzer SharkAttackAnalysis mirror; Ordovas shark-attack mirror; Ordovas cleaned shark-attack mirror","","",""
"pending","incident:db6d8896a41575c975f14cc1","db6d8896a41575c975f14cc1","2009","1-Mar-09","AUSTRALIA","New South Wales","Avalon","47.4885365","3.9070658","approximate cache coordinate falls outside stated country","2009.03.01.a; 2009.03.01.a; 2009.03.01.a; 2009.03.01.a; 2009.03.01.a","AI1SAD local legacy incident file; Global Shark Attack File; N-Enzer SharkAttackAnalysis mirror; Ordovas shark-attack mirror; Ordovas cleaned shark-attack mirror","","",""
"pending","incident:a8b21e5e244f0eabc5cc2a8f","a8b21e5e244f0eabc5cc2a8f","2011","Reported 28-Feb-2011","AUSTRALIA","Queensland","Between","33.8176114","-83.8074003","approximate cache coordinate falls outside stated country","2011.02.28.R; 2011.02.28.R; 2011.02.28.R; 2011.02.28.R; 2011.02.28.R","AI1SAD local legacy incident file; Global Shark Attack File; N-Enzer SharkAttackAnalysis mirror; Ordovas shark-attack mirror; Ordovas cleaned shark-attack mirror","","",""
"pending","incident:sharks_happen:0532",,"2000","2000-09-25","AUSTRALIA","Elliston","Black Point","24.0962598","-76.4022591","approximate cache coordinate falls outside stated country","sharks_happen:0532","Hal / Sharks Happen Stats","","",""
"pending","incident:sharks_happen:0863",,"2000","2000-09-25","AUSTRALIA",,"Black Point","24.0962598","-76.4022591","approximate cache coordinate falls outside stated country","sharks_happen:0863","Hal / Sharks Happen Stats","","",""
"pending","incident:6487087627c7e289990d7862","6487087627c7e289990d7862","2012","25-Feb-12","AUSTRALIA","New South Wales","Broughton Island","67.5580224","-64.0168832","approximate cache coordinate falls outside stated country","2012.02.25; 2012.02.25; 2012.02.25; 2012.02.25; 2012.02.25","AI1SAD local legacy incident file; Global Shark Attack File; N-Enzer SharkAttackAnalysis mirror; Ordovas shark-attack mirror; Ordovas cleaned shark-attack mirror","","",""
"pending","incident:f1e8d67fd8c5bc436f556548","f1e8d67fd8c5bc436f556548","2011","4-Sep-11","AUSTRALIA","Western Australia","Bunker Bay","45.9232908","-91.169892","approximate cache coordinate falls outside stated country","2011.09.04.a; 2011.09.04.a; 2011.09.04.a; 2011.09.04.a; 2011.09.04.a","AI1SAD local legacy incident file; Global Shark Attack File; N-Enzer SharkAttackAnalysis mirror; Ordovas shark-attack mirror; Ordovas cleaned shark-attack mirror","","",""
"pending","incident:sharks_happen:0845",,"2000","2000-09-25","AUSTRALIA",,"Cactus Beach","35.3670152","24.4932942","approximate cache coordinate falls outside stated country","sharks_happen:0845","Hal / Sharks Happen Stats","","",""
"pending","incident:sharks_happen:0134",,"2000","2000-09-25","AUSTRALIA","Penong","Cactus Beach","35.3670152","24.4932942","approximate cache coordinate falls outside stated country","sharks_happen:0134","Hal / Sharks Happen Stats","","",""
"pending","incident:sharks_happen:0736",,"2000","2000-02-01","AUSTRALIA","Point Sinclair","Cactus Beach","35.3670152","24.4932942","approximate cache coordinate falls outside stated country","sharks_happen:0736","Hal / Sharks Happen Stats","","",""
"pending","incident:4255425fdc1c837978131405","4255425fdc1c837978131405","2017","29-Aug-17","AUSTRALIA","Victoria","Cathedral Rock","47.5551671","-121.1355564","approximate cache coordinate falls outside stated country","2017.08.29; 2017.08.29; 2017.08.29; 2017.08.29; 2017.08.29","AI1SAD local legacy incident file; Global Shark Attack File; N-Enzer SharkAttackAnalysis mirror; Ordovas shark-attack mirror; Ordovas cleaned shark-attack mirror","","",""
"pending","incident:cbe4ce090693743d2fbaf660","cbe4ce090693743d2fbaf660","2009","13-Dec-09","AUSTRALIA","New South Wales","Coffee Head","50.0799963","14.4221842","approximate cache coordinate falls outside stated country","2009.12.13; 2009.12.13; 2009.12.13; 2009.12.13; 2009.12.13","AI1SAD local legacy incident file; Global Shark Attack File; N-Enzer SharkAttackAnalysis mirror; Ordovas shark-attack mirror; Ordovas cleaned shark-attack mirror","","",""
"pending","incident:4bedc9a1a023629e4c414a78","4bedc9a1a023629e4c414a78","2018","28-Jan-18","AUSTRALIA","Western Australia","Cone Bay","47.9540577","-90.6912244","approximate cache coordinate falls outside stated country","2018.01.28; 2018.01.28; 2018.01.28; 2018.01.28; 2018.01.28","AI1SAD local legacy incident file; Global Shark Attack File; N-Enzer SharkAttackAnalysis mirror; Ordovas shark-attack mirror; Ordovas cleaned shark-attack mirror","","",""
"pending","incident:0406066bc4a13c2e55d42e39","0406066bc4a13c2e55d42e39","2005","17-Apr-05","AUSTRALIA","New South Wales","Crookhaven","51.4684326","-9.7256677","approximate cache coordinate falls outside stated country","2005.04.17.R; 2005.04.17.R; 2005.04.17.R; 2005.04.17.R; 2005.04.17.R","AI1SAD local legacy incident file; Global Shark Attack File; N-Enzer SharkAttackAnalysis mirror; Ordovas shark-attack mirror; Ordovas cleaned shark-attack mirror","","",""
"pending","incident:5d076b1e2664385a813dfc96","5d076b1e2664385a813dfc96","2021","05-Sep-2021","AUSTRALIA","New South Wales","Emerald Beach","36.5756225","-93.6718592","approximate cache coordinate falls outside stated country","2021.09.05; sharks_happen:0286","Global Shark Attack File; Hal / Sharks Happen Stats","","",""
"pending","incident:9ce0684a06815bcd6a418856","9ce0684a06815bcd6a418856","2013","28-Apr-13","AUSTRALIA","New South Wales","Emerald Beach","36.5756225","-93.6718592","approximate cache coordinate falls outside stated country","2013.04.28; 2013.04.28; 2013.04.28; 2013.04.28; 2013.04.28","AI1SAD local legacy incident file; Global Shark Attack File; N-Enzer SharkAttackAnalysis mirror; Ordovas shark-attack mirror; Ordovas cleaned shark-attack mirror","","",""
"pending","incident:823ccd062edc05010b9426c6","823ccd062edc05010b9426c6","2017","17-Feb-17","AUSTRALIA","Queensland","Eva Rock","34.6592168","-92.3583802","approximate cache coordinate falls outside stated country","2017.02.17; 2017.02.17; 2017.02.17; 2017.02.17; 2017.02.17","AI1SAD local legacy incident file; Global Shark Attack File; N-Enzer SharkAttackAnalysis mirror; Ordovas shark-attack mirror; Ordovas cleaned shark-attack mirror","","",""
"pending","incident:5568104d5d44fa888b1b7b25","5568104d5d44fa888b1b7b25","2026","14th March","AUSTRALIA","Western Australia","Exmouth","50.6190962","-3.4146801","approximate cache coordinate falls outside stated country","","Global Shark Attack File","","",""
"pending","incident:8f1fe763472a188bd6593303","8f1fe763472a188bd6593303","2026","10th March","AUSTRALIA","Western Australia","Exmouth","50.6190962","-3.4146801","approximate cache coordinate falls outside stated country","","Global Shark Attack File","","",""
"pending","incident:a855ecf090aa8ce05785effa","a855ecf090aa8ce05785effa","2019","06-Dec-2019","AUSTRALIA","Western Australia","Exmouth","50.6190962","-3.4146801","approximate cache coordinate falls outside stated country","2019.12.06; sharks_happen:0808","Global Shark Attack File; Hal / Sharks Happen Stats","","",""
"pending","incident:f076c348f4471ba0ea1f3ebb","f076c348f4471ba0ea1f3ebb","2011","12-Feb-11","AUSTRALIA","Western Australia","Exmouth","50.6190962","-3.4146801","approximate cache coordinate falls outside stated country","2011.02.12; 2011.02.12; 2011.02.12; 2011.02.12; 2011.02.12","AI1SAD local legacy incident file; Global Shark Attack File; N-Enzer SharkAttackAnalysis mirror; Ordovas shark-attack mirror; Ordovas cleaned shark-attack mirror","","",""
"pending","incident:06b8bfb906f1b9c82af8293b","06b8bfb906f1b9c82af8293b","2015","25-Apr-15","AUSTRALIA","South Australia","Fishery Bay","41.6578797","-82.8260279","approximate cache coordinate falls outside stated country","2015.04.25; 2015.04.25; 2015.04.25; 2015.04.25; 2015.04.25","AI1SAD local legacy incident file; Global Shark Attack File; N-Enzer SharkAttackAnalysis mirror; Ordovas shark-attack mirror; Ordovas cleaned shark-attack mirror","","",""
"pending","incident:7717f5ce9798c1c5e217d378","7717f5ce9798c1c5e217d378","2015","24-Jan-15","AUSTRALIA","New South Wales","Flat Rock","42.0964314","-83.2918744","approximate cache coordinate falls outside stated country","2015.01.24; 2015.01.24; 2015.01.24; 2015.01.24; 2015.01.24","AI1SAD local legacy incident file; Global Shark Attack File; N-Enzer SharkAttackAnalysis mirror; Ordovas shark-attack mirror; Ordovas cleaned shark-attack mirror","","",""
"pending","incident:41e6084070a15bd02e93a706","41e6084070a15bd02e93a706","2012","2-Dec-12","AUSTRALIA","New South Wales","Green Island","42.7442449","-73.6915073","approximate cache coordinate falls outside stated country","2012.12.02; 2012.12.02; 2012.12.02; 2012.12.02; 2012.12.02","AI1SAD local legacy incident file; Global Shark Attack File; N-Enzer SharkAttackAnalysis mirror; Ordovas shark-attack mirror; Ordovas cleaned shark-attack mirror","","",""
"pending","incident:5a9f955eefb0e9dd2be8752f","5a9f955eefb0e9dd2be8752f","2009","12-Dec-09","AUSTRALIA","New South Wales","Hawks Nest Beach","41.283431","-72.283414","approximate cache coordinate falls outside stated country","2009.12.12; 2009.12.12; 2009.12.12; 2009.12.12; 2009.12.12","AI1SAD local legacy incident file; Global Shark Attack File; N-Enzer SharkAttackAnalysis mirror; Ordovas shark-attack mirror; Ordovas cleaned shark-attack mirror","","",""
"pending","incident:5206306c28edcd3d67d0a73a","5206306c28edcd3d67d0a73a","2016","5-Jan-16","AUSTRALIA","Queensland","Heron Island","47.9956883","-66.144945","approximate cache coordinate falls outside stated country","2016.01.05; 2016.01.05; 2016.01.05; 2016.01.05; 2016.01.05","AI1SAD local legacy incident file; Global Shark Attack File; N-Enzer SharkAttackAnalysis mirror; Ordovas shark-attack mirror; Ordovas cleaned shark-attack mirror","","",""
"pending","incident:a6fe87725c574000d68249b8","a6fe87725c574000d68249b8","2008","7-Feb-08","AUSTRALIA","New South Wales","Horseshoe Bay","30.5442091","-98.3669797","approximate cache coordinate falls outside stated country","2008.02.07; 2008.02.07; 2008.02.07; 2008.02.07; 2008.02.07","AI1SAD local legacy incident file; Global Shark Attack File; N-Enzer SharkAttackAnalysis mirror; Ordovas shark-attack mirror; Ordovas cleaned shark-attack mirror","","",""
"pending","incident:2d967d1a5fd24b006f004989","2d967d1a5fd24b006f004989","2007","18-Dec-07","AUSTRALIA","New South Wales","Jimmy's Beach","40.6201177","-74.0007317","approximate cache coordinate falls outside stated country","2007.12.18; 2007.12.18; 2007.12.18; 2007.12.18; 2007.12.18","AI1SAD local legacy incident file; Global Shark Attack File; N-Enzer SharkAttackAnalysis mirror; Ordovas shark-attack mirror; Ordovas cleaned shark-attack mirror","","",""
"pending","incident:e6cba3effadb2bff2f7de269","e6cba3effadb2bff2f7de269","2019","05-Oct-2019","AUSTRALIA","New South Wales","Lighthouse Beach","40.6290808","-73.2211281","approximate cache coordinate falls outside stated country","2019.10.05.b; sharks_happen:0747","Global Shark Attack File; Hal / Sharks Happen Stats","","",""
"pending","incident:22d94e1f38a88e10f47b2b16","22d94e1f38a88e10f47b2b16","2015","22-Aug-15","AUSTRALIA","New South Wales","Lighthouse Beach","40.6290808","-73.2211281","approximate cache coordinate falls outside stated country","2015.08.22.a; 2015.08.22.a; 2015.08.22.a; 2015.08.22.a; 2015.08.22.a","AI1SAD local legacy incident file; Global Shark Attack File; N-Enzer SharkAttackAnalysis mirror; Ordovas shark-attack mirror; Ordovas cleaned shark-attack mirror","","",""
"pending","incident:sharks_happen:0784",,"2015","2015-11-10","AUSTRALIA","NSW","Lighthouse Beach","40.6290808","-73.2211281","approximate cache coordinate falls outside stated country","sharks_happen:0784","Hal / Sharks Happen Stats","","",""
"pending","incident:sharks_happen:0721",,"2015","2015-05-22","AUSTRALIA","Sydney","Lighthouse Beach","40.6290808","-73.2211281","approximate cache coordinate falls outside stated country","sharks_happen:0721","Hal / Sharks Happen Stats","","",""
"pending","incident:sharks_happen:0668",,"2015","2015-07-02","AUSTRALIA","NSW","Lighthouse Beach","40.6290808","-73.2211281","approximate cache coordinate falls outside stated country","sharks_happen:0668","Hal / Sharks Happen Stats","","",""
"pending","incident:ff53796bc1b248193ccb4017","ff53796bc1b248193ccb4017","2014","12-Mar-14","AUSTRALIA","New South Wales","Lighthouse Beach","40.6290808","-73.2211281","approximate cache coordinate falls outside stated country","2014.03.12; 2014.03.12; 2014.03.12; 2014.03.12; 2014.03.12","AI1SAD local legacy incident file; Global Shark Attack File; N-Enzer SharkAttackAnalysis mirror; Ordovas shark-attack mirror; Ordovas cleaned shark-attack mirror","","",""
"pending","incident:db23682b419e3874637d737e","db23682b419e3874637d737e","2018","9-Mar-18","AUSTRALIA","Victoria","Lorne","49.4345912","-98.7484758","approximate cache coordinate falls outside stated country","2018.03.09.b; 2018.03.09.b; 2018.03.09.b; 2018.03.09.b; 2018.03.09.b","AI1SAD local legacy incident file; Global Shark Attack File; N-Enzer SharkAttackAnalysis mirror; Ordovas shark-attack mirror; Ordovas cleaned shark-attack mirror","","",""
"pending","incident:50953984a2ee66d856fc52b0","50953984a2ee66d856fc52b0","2015","11-Apr-15","AUSTRALIA","New South Wales","McKenzies Beach","-45.450624","169.344084","approximate cache coordinate falls outside stated country","2015.04.11; 2015.04.11; 2015.04.11; 2015.04.11; 2015.04.11","AI1SAD local legacy incident file; Global Shark Attack File; N-Enzer SharkAttackAnalysis mirror; Ordovas shark-attack mirror; Ordovas cleaned shark-attack mirror","","",""
"pending","incident:2b6e0ab38cb645d43b368155","2b6e0ab38cb645d43b368155","2016","28-Jul-16","AUSTRALIA","Western Australia","Near Albany","42.3199349","19.8807719","approximate cache coordinate falls outside stated country","2016.07.28; 2016.07.28; 2016.07.28; 2016.07.28; 2016.07.28","AI1SAD local legacy incident file; Global Shark Attack File; N-Enzer SharkAttackAnalysis mirror; Ordovas shark-attack mirror; Ordovas cleaned shark-attack mirror","","",""
"pending","incident:c92c69995292d95229514122","c92c69995292d95229514122","2017","22-Oct-17","AUSTRALIA","South Australia","Normanville","49.6948768","0.5941406","approximate cache coordinate falls outside stated country","2017.10.22; 2017.10.22; 2017.10.22; 2017.10.22; 2017.10.22","AI1SAD local legacy incident file; Global Shark Attack File; N-Enzer SharkAttackAnalysis mirror; Ordovas shark-attack mirror; Ordovas cleaned shark-attack mirror","","",""
"pending","incident:sharks_happen:0776",,"2019","2019-02-04","AUSTRALIA","NSW","North Beach","37.8011749","-122.4090021","approximate cache coordinate falls outside stated country","sharks_happen:0776","Hal / Sharks Happen Stats","","",""
"pending","incident:7c9fd7650635d1b977282e5e","7c9fd7650635d1b977282e5e","2008","9-Nov-08","AUSTRALIA","South Australia","North Haven","41.0128704","-72.3129721","approximate cache coordinate falls outside stated country","2008.11.09.b; 2008.11.09.b; 2008.11.09.b; 2008.11.09.b; 2008.11.09.b","AI1SAD local legacy incident file; Global Shark Attack File; N-Enzer SharkAttackAnalysis mirror; Ordovas shark-attack mirror; Ordovas cleaned shark-attack mirror","","",""
"pending","incident:1be05b5ee379a605473eef93","1be05b5ee379a605473eef93","2009","18-Jan-09","AUSTRALIA","Victoria","Off Tower Hill","8.4762698","-13.2326506","approximate cache coordinate falls outside stated country","2009.01.18; 2009.01.18; 2009.01.18; 2009.01.18; 2009.01.18","AI1SAD local legacy incident file; Global Shark Attack File; N-Enzer SharkAttackAnalysis mirror; Ordovas shark-attack mirror; Ordovas cleaned shark-attack mirror","","",""
"pending","incident:a0213ba8ef12a48e56ee133e","a0213ba8ef12a48e56ee133e","2009","30-Oct-09","AUSTRALIA","Victoria","Portland","45.5202471","-122.674194","approximate cache coordinate falls outside stated country","2009.10.30; 2009.10.30; 2009.10.30; 2009.10.30; 2009.10.30; sharks_happen:0453","AI1SAD local legacy incident file; Global Shark Attack File; N-Enzer SharkAttackAnalysis mirror; Ordovas shark-attack mirror; Ordovas cleaned shark-attack mirror; Hal / Sharks Happen Stats","","",""
"pending","incident:75a34481a6a775f19f514869","75a34481a6a775f19f514869","2015","7-Oct-15","AUSTRALIA","Western Australia","Pyramids Beach","18.3535114","-88.3504512","approximate cache coordinate falls outside stated country","2015.10.07; 2015.10.07; 2015.10.07; 2015.10.07; 2015.10.07","AI1SAD local legacy incident file; Global Shark Attack File; N-Enzer SharkAttackAnalysis mirror; Ordovas shark-attack mirror; Ordovas cleaned shark-attack mirror","","",""
"pending","incident:54516d961c4c2e65091c371a","54516d961c4c2e65091c371a","2011","23-Apr-11","AUSTRALIA","Western Australia","Red Bluffs","45.7053682","-121.9616956","approximate cache coordinate falls outside stated country","2011.04.23; 2011.04.23; 2011.04.23; 2011.04.23; 2011.04.23","AI1SAD local legacy incident file; Global Shark Attack File; N-Enzer SharkAttackAnalysis mirror; Ordovas shark-attack mirror; Ordovas cleaned shark-attack mirror","","",""
"pending","incident:a56eeb30e8bda0d043ffcaa2","a56eeb30e8bda0d043ffcaa2","2004","2004","AUSTRALIA","Western Australia","Redgate Beach","50.4731708","-3.5019864","approximate cache coordinate falls outside stated country","2004.00.00; 2004.00.00; 2004.00.00; 2004.00.00; 2004.00.00","AI1SAD local legacy incident file; Global Shark Attack File; N-Enzer SharkAttackAnalysis mirror; Ordovas shark-attack mirror; Ordovas cleaned shark-attack mirror","","",""
"pending","incident:5f1ae2bf26a280b84b641084","5f1ae2bf26a280b84b641084","2017","10-Sep-17","AUSTRALIA","Westerm Australia","Sam's Creek area","50.6668119","-116.2655295","approximate cache coordinate falls outside stated country","2017.09.10.b; 2017.09.10.b; 2017.09.10.b; 2017.09.10.b; 2017.09.10.b","AI1SAD local legacy incident file; Global Shark Attack File; N-Enzer SharkAttackAnalysis mirror; Ordovas shark-attack mirror; Ordovas cleaned shark-attack mirror","","",""
"pending","incident:a05602a399b976e873aa8218","a05602a399b976e873aa8218","2007","9-Jan-07","AUSTRALIA","New South Wales","Sandbar Beach","43.2896886","-73.644016","approximate cache coordinate falls outside stated country","2007.01.09; 2007.01.09; 2007.01.09; 2007.01.09; 2007.01.09","AI1SAD local legacy incident file; Global Shark Attack File; N-Enzer SharkAttackAnalysis mirror; Ordovas shark-attack mirror; Ordovas cleaned shark-attack mirror","","",""
"pending","incident:8a04e2e4a792975cd9361207","8a04e2e4a792975cd9361207","2009","7-Feb-09","AUSTRALIA","New South Wales","Sandon","45.3633299","12.0427975","approximate cache coordinate falls outside stated country","2009.02.07.a; 2009.02.07.a; 2009.02.07.a; 2009.02.07.a; 2009.02.07.a","AI1SAD local legacy incident file; Global Shark Attack File; N-Enzer SharkAttackAnalysis mirror; Ordovas shark-attack mirror; Ordovas cleaned shark-attack mirror","","",""
"pending","incident:5ed3aea34d432a7cd5f6c98f","5ed3aea34d432a7cd5f6c98f","2008","27-Dec-08","AUSTRALIA","New South Wales","Seal Rocks","37.7783749","-122.5165295","approximate cache coordinate falls outside stated country","2008.12.27.c; 2008.12.27.c; 2008.12.27.c; 2008.12.27.c; 2008.12.27.c","AI1SAD local legacy incident file; Global Shark Attack File; N-Enzer SharkAttackAnalysis mirror; Ordovas shark-attack mirror; Ordovas cleaned shark-attack mirror","","",""
"pending","incident:f7b5b7189aea2c60ce81bfc2","f7b5b7189aea2c60ce81bfc2","2013","25-Aug-2013","AUSTRALIA","New South Wales","Smiths","42.3225125","-90.4309615","approximate cache coordinate falls outside stated country","2013.08.25; 2013.08.25; 2013.08.25; 2013.08.25; 2013.08.25","AI1SAD local legacy incident file; Global Shark Attack File; N-Enzer SharkAttackAnalysis mirror; Ordovas shark-attack mirror; Ordovas cleaned shark-attack mirror","","",""
"pending","incident:7cd16c52c5ab9aed23a97366","7cd16c52c5ab9aed23a97366","2012","31-Mar-12","AUSTRALIA","Western Australia","Stratham Beach","43.0131133","-70.9179946","approximate cache coordinate falls outside stated country","2012.03.31; 2012.03.31; 2012.03.31; 2012.03.31; 2012.03.31; sharks_happen:0570","AI1SAD local legacy incident file; Global Shark Attack File; N-Enzer SharkAttackAnalysis mirror; Ordovas shark-attack mirror; Ordovas cleaned shark-attack mirror; Hal / Sharks Happen Stats","","",""
"pending","incident:23da2c61e2208edb8c9b3990","23da2c61e2208edb8c9b3990","2017","19-Mar-17","AUSTRALIA","New South Wales","The Farm","35.4877251","-87.3366845","approximate cache coordinate falls outside stated country","2017.03.19; 2017.03.19; 2017.03.19; 2017.03.19; 2017.03.19","AI1SAD local legacy incident file; Global Shark Attack File; N-Enzer SharkAttackAnalysis mirror; Ordovas shark-attack mirror; Ordovas cleaned shark-attack mirror","","",""
"pending","incident:sharks_happen:0025",,"2011","2011-09-04","AUSTRALIA","Bunker Bay","The Farm","35.4877251","-87.3366845","approximate cache coordinate falls outside stated country","sharks_happen:0025","Hal / Sharks Happen Stats","","",""
"pending","incident:767f6f9c0b19a028e11f5dae","767f6f9c0b19a028e11f5dae","2018","14-Mar-18","AUSTRALIA","Western Australia","Waterman's Bay","27.996374","-80.6569849","approximate cache coordinate falls outside stated country","2018.03.14; 2018.03.14; 2018.03.14; 2018.03.14; 2018.03.14","AI1SAD local legacy incident file; Global Shark Attack File; N-Enzer SharkAttackAnalysis mirror; Ordovas shark-attack mirror; Ordovas cleaned shark-attack mirror","","",""
"pending","incident:456ec40969366e41e1c28fb0","456ec40969366e41e1c28fb0","2016","Reported 03-Mar-2016","AUSTRALIA","South Australia","Wrights Bay","45.1586226","-79.7462653","approximate cache coordinate falls outside stated country","2016.03.03.R; 2016.03.03.R; 2016.03.03.R; 2016.03.03.R; 2016.03.03.R","AI1SAD local legacy incident file; Global Shark Attack File; N-Enzer SharkAttackAnalysis mirror; Ordovas shark-attack mirror; Ordovas cleaned shark-attack mirror","","",""
"pending","incident:523a32da0c04e56d5568bbaf","523a32da0c04e56d5568bbaf","2009","10-Jan-09","ECUADOR","Galapagos Islands","Isla Isabella","-54.2152569","-72.9598064","approximate cache coordinate falls outside stated country","2009.01.10.a; 2009.01.10.a; 2009.01.10.a; 2009.01.10.a; 2009.01.10.a","AI1SAD local legacy incident file; Global Shark Attack File; N-Enzer SharkAttackAnalysis mirror; Ordovas shark-attack mirror; Ordovas cleaned shark-attack mirror","","",""
"pending","incident:572277c3db01159acff3e593","572277c3db01159acff3e593","2007","21-Dec-07","ECUADOR","Galapagos Islands","San Cristobal Island","17.315693","-62.7446806","approximate cache coordinate falls outside stated country","2007.12.21; 2007.12.21; 2007.12.21; 2007.12.21; 2007.12.21","AI1SAD local legacy incident file; Global Shark Attack File; N-Enzer SharkAttackAnalysis mirror; Ordovas shark-attack mirror; Ordovas cleaned shark-attack mirror","","",""
"pending","incident:b73a9f9456e6aac8148e5777","b73a9f9456e6aac8148e5777","2008","24-Nov-08","ECUADOR","Galapagos Islands","Santa Cruz","28.467178","-16.2507843","approximate cache coordinate falls outside stated country","2008.11.24; 2008.11.24; 2008.11.24; 2008.11.24; 2008.11.24","AI1SAD local legacy incident file; Global Shark Attack File; N-Enzer SharkAttackAnalysis mirror; Ordovas shark-attack mirror; Ordovas cleaned shark-attack mirror","","",""
"pending","incident:84b36df3829e8fc399057590","84b36df3829e8fc399057590","2018","3-Feb-18","ECUADOR","Galapagos Islands","Santa Fe Island","42.1291881","-90.1915172","approximate cache coordinate falls outside stated country","2018.02.03; 2018.02.03; 2018.02.03; 2018.02.03; 2018.02.03","AI1SAD local legacy incident file; Global Shark Attack File; N-Enzer SharkAttackAnalysis mirror; Ordovas shark-attack mirror; Ordovas cleaned shark-attack mirror","","",""
"pending","incident:3bf6053b3ca82886e8623da8","3bf6053b3ca82886e8623da8","2010","15-Feb-10","FIJI","Off Vanua Levu","Nara Reef","-0.5181207","166.9169005","approximate cache coordinate falls outside stated country","2010.02.15; 2010.02.15; 2010.02.15; 2010.02.15; 2010.02.15","AI1SAD local legacy incident file; Global Shark Attack File; N-Enzer SharkAttackAnalysis mirror; Ordovas shark-attack mirror; Ordovas cleaned shark-attack mirror","","",""
"pending","incident:128e8175184ca58808614be0","128e8175184ca58808614be0","2008","14-May-08","FIJI","Yasawa Islands","Turtle Island","27.4414946","-111.8794375","approximate cache coordinate falls outside stated country","2008.05.14; 2008.05.14; 2008.05.14; 2008.05.14; 2008.05.14","AI1SAD local legacy incident file; Global Shark Attack File; N-Enzer SharkAttackAnalysis mirror; Ordovas shark-attack mirror; Ordovas cleaned shark-attack mirror","","",""
"pending","incident:3da3ffb45ac0e93328b61321","3da3ffb45ac0e93328b61321","2017","23-Oct-17","MAURITIUS","Pamplemousses","Le Goulet","47.7053428","-64.7155661","approximate cache coordinate falls outside stated country","2017.10.23.c; 2017.10.23.c; 2017.10.23.c; 2017.10.23.c; 2017.10.23.c","AI1SAD local legacy incident file; Global Shark Attack File; N-Enzer SharkAttackAnalysis mirror; Ordovas shark-attack mirror; Ordovas cleaned shark-attack mirror","","",""
"pending","incident:414787770032d458a7b0f85d","414787770032d458a7b0f85d","2000","Dec-00","NEW ZEALAND","Cook Islands","Arorangi, Rarotonga","-21.2280888","-159.8261485","approximate cache coordinate falls outside stated country","2000.12.00; 2000.12.00; 2000.12.00; 2000.12.00; 2000.12.00","AI1SAD local legacy incident file; Global Shark Attack File; N-Enzer SharkAttackAnalysis mirror; Ordovas shark-attack mirror; Ordovas cleaned shark-attack mirror","","",""
"pending","incident:b4ef8f373ef2c91f066dc902","b4ef8f373ef2c91f066dc902","2003","Jul-03","NEW ZEALAND","Cook Islands","Beveridge Reef","-20.0017413","-167.7563765","approximate cache coordinate falls outside stated country","2003.07.00.a; 2003.07.00.a; 2003.07.00.a; 2003.07.00.a; 2003.07.00.a","AI1SAD local legacy incident file; Global Shark Attack File; N-Enzer SharkAttackAnalysis mirror; Ordovas shark-attack mirror; Ordovas cleaned shark-attack mirror","","",""
"pending","incident:c0748c70ecba2fae62feaf54","c0748c70ecba2fae62feaf54","2009","16-Dec-09","NEW ZEALAND","South Island","Clark Island","48.7010111","-122.7645878","approximate cache coordinate falls outside stated country","2009.12.16; 2009.12.16; 2009.12.16; 2009.12.16; 2009.12.16","AI1SAD local legacy incident file; Global Shark Attack File; N-Enzer SharkAttackAnalysis mirror; Ordovas shark-attack mirror; Ordovas cleaned shark-attack mirror","","",""
"pending","incident:ac9c7ec46aaf2af532b8b9f5","ac9c7ec46aaf2af532b8b9f5","2010","Reported 06-Feb-2010","NEW ZEALAND","South Island","Cosy Nook","9.9637746","76.2424374","approximate cache coordinate falls outside stated country","2010.02.06.R; 2010.02.06.R; 2010.02.06.R; 2010.02.06.R; 2010.02.06.R","AI1SAD local legacy incident file; Global Shark Attack File; N-Enzer SharkAttackAnalysis mirror; Ordovas shark-attack mirror; Ordovas cleaned shark-attack mirror","","",""
"pending","incident:9a61c47f4d74da46260b2c66","9a61c47f4d74da46260b2c66","2009","10-Jan-2009","NEW ZEALAND","North Island","Hawkes Bay","50.6119662","-57.2071007","approximate cache coordinate falls outside stated country","2009.01.10.R; 2009.01.10.R; 2009.01.10.R; 2009.01.10.R; 2009.01.10.R","AI1SAD local legacy incident file; Global Shark Attack File; N-Enzer SharkAttackAnalysis mirror; Ordovas shark-attack mirror; Ordovas cleaned shark-attack mirror","","",""
"pending","incident:b1628d1f0efec9c5dc325d0f","b1628d1f0efec9c5dc325d0f","2008","14-Jan-08","NEW ZEALAND","North Island","Omaha Beach","43.3985743","-95.1533294","approximate cache coordinate falls outside stated country","2008.01.14; 2008.01.14; 2008.01.14; 2008.01.14; 2008.01.14","AI1SAD local legacy incident file; Global Shark Attack File; N-Enzer SharkAttackAnalysis mirror; Ordovas shark-attack mirror; Ordovas cleaned shark-attack mirror","","",""
"pending","incident:5f4dd34b1a9973049b22d2e7","5f4dd34b1a9973049b22d2e7","2004","26-Feb-04","NEW ZEALAND","South Island, near Karitane north of Dunedin","South Beach","25.7744291","-80.1332415","approximate cache coordinate falls outside stated country","2004.02.26; 2004.02.26; 2004.02.26; 2004.02.26; 2004.02.26","AI1SAD local legacy incident file; Global Shark Attack File; N-Enzer SharkAttackAnalysis mirror; Ordovas shark-attack mirror; Ordovas cleaned shark-attack mirror","","",""
"pending","incident:16a96b5c0e00dd0b9d69169f","16a96b5c0e00dd0b9d69169f","2025","1st August","PUERTO RICO","Carolina","Carolina Beach","34.0351727","-77.8935966","approximate cache coordinate falls outside stated country","","Global Shark Attack File","","",""
"pending","incident:c05775dec98f363f36404bc9","c05775dec98f363f36404bc9","2010","27-Mar-2010","REUNION","Saint-Benoit","Bittern","-38.3375798","145.1773289","approximate cache coordinate falls outside stated country","2010.03.27; 2010.03.27; 2010.03.27; 2010.03.27; 2010.03.27","AI1SAD local legacy incident file; Global Shark Attack File; N-Enzer SharkAttackAnalysis mirror; Ordovas shark-attack mirror; Ordovas cleaned shark-attack mirror","","",""
"pending","incident:c2e06a8f9fc1d62da3c6e4f5","c2e06a8f9fc1d62da3c6e4f5","2011","15-Jul-11","REUNION","Saint-Gilles","Brisants.","-48.884857","69.3490016","approximate cache coordinate falls outside stated country","2011.07.15; 2011.07.15; 2011.07.15; 2011.07.15; 2011.07.15","AI1SAD local legacy incident file; Global Shark Attack File; N-Enzer SharkAttackAnalysis mirror; Ordovas shark-attack mirror; Ordovas cleaned shark-attack mirror","","",""
"pending","incident:f8e0b3dcc43da4f2dbff76f4","f8e0b3dcc43da4f2dbff76f4","2015","1-Jun-15","REUNION","Le Port","Folette","45.9477939","-0.8424899","approximate cache coordinate falls outside stated country","2015.06.01; 2015.06.01; 2015.06.01; 2015.06.01; 2015.06.01","AI1SAD local legacy incident file; Global Shark Attack File; N-Enzer SharkAttackAnalysis mirror; Ordovas shark-attack mirror; Ordovas cleaned shark-attack mirror","","",""
"pending","incident:4e0d702c0623acd0d1a03ee5","4e0d702c0623acd0d1a03ee5","2006","Early Aug-2006","REUNION",,"Le Port","42.8662832","1.3740316","approximate cache coordinate falls outside stated country","2006.08.00.a; 2006.08.00.a; 2006.08.00.a; 2006.08.00.a; 2006.08.00.a","AI1SAD local legacy incident file; Global Shark Attack File; N-Enzer SharkAttackAnalysis mirror; Ordovas shark-attack mirror; Ordovas cleaned shark-attack mirror","","",""
"pending","incident:b81c192b78387283f70b8570","b81c192b78387283f70b8570","2004","6-Oct-04","REUNION","Conservatï¿½ria District","P' tit Paris, Saint-Pierre","46.7903773","3.1190129","approximate cache coordinate falls outside stated country","2004.10.06; 2004.10.06; 2004.10.06; 2004.10.06; 2004.10.06","AI1SAD local legacy incident file; Global Shark Attack File; N-Enzer SharkAttackAnalysis mirror; Ordovas shark-attack mirror; Ordovas cleaned shark-attack mirror","","",""
"pending","incident:aefcdcbbd467693a6a5670af","aefcdcbbd467693a6a5670af","2000","8-Sep-00","REUNION","Saint-Pierre","Pic du Diable","44.9896958","6.1644559","approximate cache coordinate falls outside stated country","2000.09.08.a; 2000.09.08.a; 2000.09.08.a; 2000.09.08.a; 2000.09.08.a","AI1SAD local legacy incident file; Global Shark Attack File; N-Enzer SharkAttackAnalysis mirror; Ordovas shark-attack mirror; Ordovas cleaned shark-attack mirror","","",""
"pending","incident:72c1802e2e2a5612ac14b2e3","72c1802e2e2a5612ac14b2e3","2017","29-Apr-17","REUNION","Saint-Leu","Pointe au Sal","42.704372","-83.0371679","approximate cache coordinate falls outside stated country","2017.04.29.a; 2017.04.29.a; 2017.04.29.a; 2017.04.29.a; 2017.04.29.a","AI1SAD local legacy incident file; Global Shark Attack File; N-Enzer SharkAttackAnalysis mirror; Ordovas shark-attack mirror; Ordovas cleaned shark-attack mirror","","",""
"pending","incident:2e7551181df59f29d205d0f5","2e7551181df59f29d205d0f5","2006","20-Aug-06","REUNION","Saint-Pierre","Pointe du Diable","48.3544803","-4.5586374","approximate cache coordinate falls outside stated country","2006.08.20.a; 2006.08.20.a; 2006.08.20.a; 2006.08.20.a; 2006.08.20.a","AI1SAD local legacy incident file; Global Shark Attack File; N-Enzer SharkAttackAnalysis mirror; Ordovas shark-attack mirror; Ordovas cleaned shark-attack mirror","","",""
"pending","incident:fb324d275372528442b04d55","fb324d275372528442b04d55","2012","5-Mar-12","REUNION","Saint-Benoit","Port de laï¿½Marine","32.3367488","-80.6917095","approximate cache coordinate falls outside stated country","2012.03.05; 2012.03.05; 2012.03.05; 2012.03.05; 2012.03.05","AI1SAD local legacy incident file; Global Shark Attack File; N-Enzer SharkAttackAnalysis mirror; Ordovas shark-attack mirror; Ordovas cleaned shark-attack mirror","","",""
"pending","incident:687db22e03481a8a553f5c9c","687db22e03481a8a553f5c9c","2017","18-Jun-17","REUNION",,"Roches Noire","45.1474239","3.4819661","approximate cache coordinate falls outside stated country","2017.06.18.a; 2017.06.18.a; 2017.06.18.a; 2017.06.18.a; 2017.06.18.a","AI1SAD local legacy incident file; Global Shark Attack File; N-Enzer SharkAttackAnalysis mirror; Ordovas shark-attack mirror; Ordovas cleaned shark-attack mirror","","",""
"pending","incident:977e2e73863edeb9abd6a326","977e2e73863edeb9abd6a326","2011","6-Jul-11","REUNION","Saint-Gilles","Roches Noires","33.5931914","-7.5957822","approximate cache coordinate falls outside stated country","2011.07.06; 2011.07.06; 2011.07.06; 2011.07.06; 2011.07.06","AI1SAD local legacy incident file; Global Shark Attack File; N-Enzer SharkAttackAnalysis mirror; Ordovas shark-attack mirror; Ordovas cleaned shark-attack mirror","","",""
"pending","incident:d10a32b77faf6a00b9117077","d10a32b77faf6a00b9117077","2000","Reported 28-Jan-2000","REUNION",,"Saint Pierre","48.3832725","7.4718731","approximate cache coordinate falls outside stated country","2000.01.28.R; 2000.01.28.R; 2000.01.28.R; 2000.01.28.R; 2000.01.28.R","AI1SAD local legacy incident file; Global Shark Attack File; N-Enzer SharkAttackAnalysis mirror; Ordovas shark-attack mirror; Ordovas cleaned shark-attack mirror","","",""
"pending","incident:137a48b7c74e81e570cd76d9","137a48b7c74e81e570cd76d9","2011","11-Nov-11","REUNION","Bois-Blanc","Sainte-Rose","16.3327353","-61.698147","approximate cache coordinate falls outside stated country","2011.11.11; 2011.11.11; 2011.11.11; 2011.11.11; 2011.11.11","AI1SAD local legacy incident file; Global Shark Attack File; N-Enzer SharkAttackAnalysis mirror; Ordovas shark-attack mirror; Ordovas cleaned shark-attack mirror","","",""
"pending","incident:775b725fb61be6a74847c9b0","775b725fb61be6a74847c9b0","2004","27-Mar-04","REUNION","Saint-Benoï¿½t","Spot de la gare","48.825711","2.3859121","approximate cache coordinate falls outside stated country","2004.03.27.b; 2004.03.27.b; 2004.03.27.b; 2004.03.27.b; 2004.03.27.b","AI1SAD local legacy incident file; Global Shark Attack File; N-Enzer SharkAttackAnalysis mirror; Ordovas shark-attack mirror; Ordovas cleaned shark-attack mirror","","",""
"pending","incident:c6b1f392a0a82f6be3f2d56b","c6b1f392a0a82f6be3f2d56b","2001","8-Apr-01","SOUTH AFRICA","Eastern Cape Province","Cape St. Francis","47.809748","-52.7856698","approximate cache coordinate falls outside stated country","2001.04.08.b; 2001.04.08.b; 2001.04.08.b; 2001.04.08.b; 2001.04.08.b; sharks_happen:0212","AI1SAD local legacy incident file; Global Shark Attack File; N-Enzer SharkAttackAnalysis mirror; Ordovas shark-attack mirror; Ordovas cleaned shark-attack mirror; Hal / Sharks Happen Stats","","",""
"pending","incident:3d1eca557d83afa202826fad","3d1eca557d83afa202826fad","2006","15-Aug-06","SOUTH AFRICA","Western Cape Province","Danger Reef","-45.5103497","170.8233654","approximate cache coordinate falls outside stated country","2006.08.15; 2006.08.15; 2006.08.15; 2006.08.15; 2006.08.15","AI1SAD local legacy incident file; Global Shark Attack File; N-Enzer SharkAttackAnalysis mirror; Ordovas shark-attack mirror; Ordovas cleaned shark-attack mirror","","",""
"pending","incident:0447ed6fbfec72cb60974130","0447ed6fbfec72cb60974130","2013","16-Dec-13","SOUTH AFRICA","Western Cape Province","Die Platt","49.5221231","7.4964952","approximate cache coordinate falls outside stated country","2013.12.16; 2013.12.16; 2013.12.16; 2013.12.16; 2013.12.16","AI1SAD local legacy incident file; Global Shark Attack File; N-Enzer SharkAttackAnalysis mirror; Ordovas shark-attack mirror; Ordovas cleaned shark-attack mirror","","",""
"pending","incident:d27ca5971d2ed125427a6f71","d27ca5971d2ed125427a6f71","2011","21-May-11","SOUTH AFRICA","KwaZulu-Natal","Levan Point","55.9480734","-4.8587579","approximate cache coordinate falls outside stated country","2011.05.21.b; 2011.05.21.b; 2011.05.21.b; 2011.05.21.b; 2011.05.21.b; sharks_happen:0497","AI1SAD local legacy incident file; Global Shark Attack File; N-Enzer SharkAttackAnalysis mirror; Ordovas shark-attack mirror; Ordovas cleaned shark-attack mirror; Hal / Sharks Happen Stats","","",""
"pending","incident:fc7762ee72db437fd90aadbe","fc7762ee72db437fd90aadbe","2015","8-Dec-15","SOUTH AFRICA","Eastern Cape Province","Mpande","-11.6811312","27.4950838","approximate cache coordinate falls outside stated country","2015.12.08; 2015.12.08; 2015.12.08; 2015.12.08; 2015.12.08","AI1SAD local legacy incident file; Global Shark Attack File; N-Enzer SharkAttackAnalysis mirror; Ordovas shark-attack mirror; Ordovas cleaned shark-attack mirror","","",""
"pending","incident:f704ef71a9ee84ebe55e16ca","f704ef71a9ee84ebe55e16ca","2011","4-May-11","SOUTH AFRICA","KwaZulu-Natal","Palm Beach","26.6279798","-80.4494174","approximate cache coordinate falls outside stated country","2011.05.04; 2011.05.04; 2011.05.04; 2011.05.04; 2011.05.04","AI1SAD local legacy incident file; Global Shark Attack File; N-Enzer SharkAttackAnalysis mirror; Ordovas shark-attack mirror; Ordovas cleaned shark-attack mirror","","",""
"pending","incident:d9f5453355014c4e7c306fa5","d9f5453355014c4e7c306fa5","2015","2-May-15","SOUTH AFRICA","Eastern Cape Province","Port St. John's","47.5628534","-52.7067126","approximate cache coordinate falls outside stated country","2015.05.02; 2015.05.02; 2015.05.02; 2015.05.02; 2015.05.02","AI1SAD local legacy incident file; Global Shark Attack File; N-Enzer SharkAttackAnalysis mirror; Ordovas shark-attack mirror; Ordovas cleaned shark-attack mirror","","",""
"pending","incident:25fb733e3020c8d13f33d009","25fb733e3020c8d13f33d009","2013","3-Mar-13","SOUTH AFRICA","Eastern Cape Province","Port St. John's","47.5628534","-52.7067126","approximate cache coordinate falls outside stated country","2013.03.03; 2013.03.03; 2013.03.03; 2013.03.03; 2013.03.03; sharks_happen:0371","AI1SAD local legacy incident file; Global Shark Attack File; N-Enzer SharkAttackAnalysis mirror; Ordovas shark-attack mirror; Ordovas cleaned shark-attack mirror; Hal / Sharks Happen Stats","","",""
"pending","incident:0bc585093080fbe9eaa0ec67","0bc585093080fbe9eaa0ec67","2012","25-Dec-12","SOUTH AFRICA","Eastern Cape Province","Port St. John's","47.5628534","-52.7067126","approximate cache coordinate falls outside stated country","2012.12.25; 2012.12.25; 2012.12.25; 2012.12.25; 2012.12.25","AI1SAD local legacy incident file; Global Shark Attack File; N-Enzer SharkAttackAnalysis mirror; Ordovas shark-attack mirror; Ordovas cleaned shark-attack mirror","","",""
"pending","incident:53f2f29c761cab8c5cc25210","53f2f29c761cab8c5cc25210","2003","31-Dec-03","SOUTH AFRICA","KwaZulu-Natal","Salt Rock","38.326886","-82.2194201","approximate cache coordinate falls outside stated country","2003.12.31; 2003.12.31; 2003.12.31; 2003.12.31; 2003.12.31","AI1SAD local legacy incident file; Global Shark Attack File; N-Enzer SharkAttackAnalysis mirror; Ordovas shark-attack mirror; Ordovas cleaned shark-attack mirror","","",""
"pending","incident:bd56741ae61c776302348acb","bd56741ae61c776302348acb","2001","7-Oct-01","SOUTH AFRICA","KwaZulu-Natal","Salt Rock","38.326886","-82.2194201","approximate cache coordinate falls outside stated country","2001.10.07; 2001.10.07; 2001.10.07; 2001.10.07; 2001.10.07","AI1SAD local legacy incident file; Global Shark Attack File; N-Enzer SharkAttackAnalysis mirror; Ordovas shark-attack mirror; Ordovas cleaned shark-attack mirror","","",""
"pending","incident:9ac3bc936a122e4e85cc1936","9ac3bc936a122e4e85cc1936","2002","24-Dec-02","SOUTH AFRICA","Western Cape Province","Scarborough","54.2820009","-0.4011868","approximate cache coordinate falls outside stated country","2002.12.24; 2002.12.24; 2002.12.24; 2002.12.24; 2002.12.24; sharks_happen:0259","AI1SAD local legacy incident file; Global Shark Attack File; N-Enzer SharkAttackAnalysis mirror; Ordovas shark-attack mirror; Ordovas cleaned shark-attack mirror; Hal / Sharks Happen Stats","","",""
"pending","incident:a21b6bd1d049197ba24e4c2e","a21b6bd1d049197ba24e4c2e","2014","4-May-14","SOUTH AFRICA","Western Cape Province","Simonstown","53.4585536","-7.3226117","approximate cache coordinate falls outside stated country","2014.05.04; 2013.05.04; 2014.05.04; 2014.05.04; 2014.05.04","AI1SAD local legacy incident file; Global Shark Attack File; N-Enzer SharkAttackAnalysis mirror; Ordovas shark-attack mirror; Ordovas cleaned shark-attack mirror","","",""
"pending","incident:10fe96dec7f7dacbde295cc2","10fe96dec7f7dacbde295cc2","2000","15-Jul-00","SOUTH AFRICA","KwaZulu-Natal","South of Durban","51.5331635","-2.5797643","approximate cache coordinate falls outside stated country","2000.07.15.a; 2000.07.15.a; 2000.07.15.a; 2000.07.15.a; 2000.07.15.a","AI1SAD local legacy incident file; Global Shark Attack File; N-Enzer SharkAttackAnalysis mirror; Ordovas shark-attack mirror; Ordovas cleaned shark-attack mirror","","",""
"pending","incident:543583f098aa7eca73939e72","543583f098aa7eca73939e72","2007","7-Nov-07","SOUTH AFRICA","Western Cape Province","The Strand","51.5109754","-0.1200159","approximate cache coordinate falls outside stated country","2007.11.07; 2007.11.07; 2007.11.07; 2007.11.07; 2007.11.07","AI1SAD local legacy incident file; Global Shark Attack File; N-Enzer SharkAttackAnalysis mirror; Ordovas shark-attack mirror; Ordovas cleaned shark-attack mirror","","",""
"pending","incident:a66e780461e1d9d88337c4a8","a66e780461e1d9d88337c4a8","2015","26-Dec-15","SOUTH AFRICA","KwaZulu-Natal","Westbrook Beach","36.8592025","-76.12166","approximate cache coordinate falls outside stated country","2015.12.26; 2015.12.26; 2015.12.26; 2015.12.26; 2015.12.26","AI1SAD local legacy incident file; Global Shark Attack File; N-Enzer SharkAttackAnalysis mirror; Ordovas shark-attack mirror; Ordovas cleaned shark-attack mirror","","",""
"pending","incident:4dea48e1a731b2b7ee019fad","4dea48e1a731b2b7ee019fad","2017","24-Jul-17","ST HELENA, BRITISH OVERSEAS TERRITORY","Ascension Island","English Bay","49.2863643","-123.1642292","approximate cache coordinate falls outside stated country","2017.07.24; 2017.07.24; 2017.07.24; 2017.07.24; 2017.07.24","AI1SAD local legacy incident file; Global Shark Attack File; N-Enzer SharkAttackAnalysis mirror; Ordovas shark-attack mirror; Ordovas cleaned shark-attack mirror","","",""
"pending","incident:65028777f113cd7b45b782e3","65028777f113cd7b45b782e3","2017","22-Apr-17","ST HELENA, BRITISH OVERSEAS TERRITORY","Ascension Island","English Bay","49.2863643","-123.1642292","approximate cache coordinate falls outside stated country","2017.04.22; 2017.04.22; 2017.04.22; 2017.04.22; 2017.04.22","AI1SAD local legacy incident file; Global Shark Attack File; N-Enzer SharkAttackAnalysis mirror; Ordovas shark-attack mirror; Ordovas cleaned shark-attack mirror","","",""
"pending","incident:d06c5b2ef50781299916f67a","d06c5b2ef50781299916f67a","2005","25-Oct-05","ST. MAARTIN","Simpson Bay","Sunterra Beach","29.8593564","-95.8498334","approximate cache coordinate falls outside stated country","2005.10.25; 2005.10.25; 2005.10.25; 2005.10.25; 2005.10.25","AI1SAD local legacy incident file; Global Shark Attack File; N-Enzer SharkAttackAnalysis mirror; Ordovas shark-attack mirror; Ordovas cleaned shark-attack mirror","","",""
